[
{
  "model": "myprofile.familymember",
  "pk": 1,
  "fields": {
    "profile": 1,
    "name": "Danielle",
    "relationship": "niece"
  }
},
{
  "model": "myprofile.familymember",
  "pk": 2,
  "fields": {
    "profile": 1,
    "name": "Jennifer",
    "relationship": "wife"
  }
},
{
  "model": "myprofile.familymember",
  "pk": 3,
  "fields": {
    "profile": 1,
    "name": "Morgan",
    "relationship": "sister"
  }
},
{
  "model": "myprofile.familymember",
  "pk": 4,
  "fields": {
    "profile": 1,
    "name": "Sherry",
    "relationship": "sister"
  }
},
{
  "model": "myprofile.familymember",
  "pk": 5,
  "fields": {
    "profile": 1,
    "name": "Kaitlyn",
    "relationship": "mother"
  }
},
{
  "model": "myprofile.familymember",
  "pk": 6,
  "fields": {
    "profile": 1,
    "name": "William",
    "relationship": "cousin"
  }
},
{
  "model": "myprofile.familymember",
  "pk": 7,
  "fields": {
    "profile": 1,
    "name": "Brooke",
    "relationship": "niece"
  }
},
{
  "model": "myprofile.familymember",
  "pk": 8,
  "fields": {
    "profile": 1,
    "name": "Christopher",
    "relationship": "father"
  }
},
{
  "model": "myprofile.familymember",
  "pk": 9,
  "fields": {
    "profile": 2,
    "name": "Renee",
    "relationship": "wife"
  }
},
{
  "model": "myprofile.familymember",
  "pk": 10,
  "fields": {
    "profile": 3,
    "name": "Allison",
    "relationship": "cousin"
  }
},
{
  "model": "myprofile.familymember",
  "pk": 11,
  "fields": {
    "profile": 3,
    "name": "Joann",
    "relationship": "wife"
  }
},
{
  "model": "myprofile.familymember",
  "pk": 12,
  "fields": {
    "profile": 3,
    "name": "Lindsey",
    "relationship": "mother"
  }
},
{
  "model": "myprofile.familymember",
  "pk": 13,
  "fields": {
    "profile": 3,
    "name": "Jesus",
    "relationship": "cousin"
  }
},
{
  "model": "myprofile.familymember",
  "pk": 14,
  "fields": {
    "profile": 3,
    "name": "Maria",
    "relationship": "niece"
  }
},
{
  "model": "myprofile.familymember",
  "pk": 15,
  "fields": {
    "profile": 3,
    "name": "Christine",
    "relationship": "niece"
  }
},
{
  "model": "myprofile.familymember",
  "pk": 16,
  "fields": {
    "profile": 4,
    "name": "Elizabeth",
    "relationship": "daughter"
  }
},
{
  "model": "myprofile.familymember",
  "pk": 17,
  "fields": {
    "profile": 4,
    "name": "Alicia",
    "relationship": "daughter"
  }
},
{
  "model": "myprofile.familymember",
  "pk": 18,
  "fields": {
    "profile": 4,
    "name": "Shannon",
    "relationship": "niece"
  }
},
{
  "model": "myprofile.familymember",
  "pk": 19,
  "fields": {
    "profile": 4,
    "name": "Fred",
    "relationship": "son"
  }
},
{
  "model": "myprofile.familymember",
  "pk": 20,
  "fields": {
    "profile": 4,
    "name": "Glen",
    "relationship": "son"
  }
},
{
  "model": "myprofile.familymember",
  "pk": 21,
  "fields": {
    "profile": 4,
    "name": "Alexis",
    "relationship": "daughter"
  }
},
{
  "model": "myprofile.familymember",
  "pk": 22,
  "fields": {
    "profile": 4,
    "name": "Joan",
    "relationship": "daughter"
  }
},
{
  "model": "myprofile.familymember",
  "pk": 23,
  "fields": {
    "profile": 4,
    "name": "Erica",
    "relationship": "daughter"
  }
},
{
  "model": "myprofile.familymember",
  "pk": 24,
  "fields": {
    "profile": 4,
    "name": "Angela",
    "relationship": "sister"
  }
},
{
  "model": "myprofile.familymember",
  "pk": 25,
  "fields": {
    "profile": 5,
    "name": "Evelyn",
    "relationship": "daughter"
  }
},
{
  "model": "myprofile.familymember",
  "pk": 26,
  "fields": {
    "profile": 5,
    "name": "Kristin",
    "relationship": "aunt"
  }
},
{
  "model": "myprofile.familymember",
  "pk": 27,
  "fields": {
    "profile": 5,
    "name": "Stephanie",
    "relationship": "mother"
  }
},
{
  "model": "myprofile.familymember",
  "pk": 28,
  "fields": {
    "profile": 5,
    "name": "Nicole",
    "relationship": "sister"
  }
},
{
  "model": "myprofile.familymember",
  "pk": 29,
  "fields": {
    "profile": 5,
    "name": "Rebecca",
    "relationship": "daughter"
  }
},
{
  "model": "myprofile.familymember",
  "pk": 30,
  "fields": {
    "profile": 5,
    "name": "Travis",
    "relationship": "nephew"
  }
},
{
  "model": "myprofile.familymember",
  "pk": 31,
  "fields": {
    "profile": 5,
    "name": "Jennifer",
    "relationship": "niece"
  }
},
{
  "model": "myprofile.familymember",
  "pk": 32,
  "fields": {
    "profile": 5,
    "name": "Anthony",
    "relationship": "husband"
  }
},
{
  "model": "myprofile.familymember",
  "pk": 33,
  "fields": {
    "profile": 6,
    "name": "Brittney",
    "relationship": "wife"
  }
},
{
  "model": "myprofile.familymember",
  "pk": 34,
  "fields": {
    "profile": 7,
    "name": "Joseph",
    "relationship": "uncle"
  }
},
{
  "model": "myprofile.familymember",
  "pk": 35,
  "fields": {
    "profile": 7,
    "name": "Belinda",
    "relationship": "daughter"
  }
},
{
  "model": "myprofile.familymember",
  "pk": 36,
  "fields": {
    "profile": 7,
    "name": "Tara",
    "relationship": "niece"
  }
},
{
  "model": "myprofile.familymember",
  "pk": 37,
  "fields": {
    "profile": 8,
    "name": "Nicole",
    "relationship": "mother"
  }
},
{
  "model": "myprofile.familymember",
  "pk": 38,
  "fields": {
    "profile": 8,
    "name": "Michael",
    "relationship": "cousin"
  }
},
{
  "model": "myprofile.familymember",
  "pk": 39,
  "fields": {
    "profile": 8,
    "name": "Kenneth",
    "relationship": "nephew"
  }
},
{
  "model": "myprofile.familymember",
  "pk": 40,
  "fields": {
    "profile": 8,
    "name": "Glenn",
    "relationship": "father"
  }
},
{
  "model": "myprofile.familymember",
  "pk": 41,
  "fields": {
    "profile": 8,
    "name": "Cynthia",
    "relationship": "sister"
  }
},
{
  "model": "myprofile.familymember",
  "pk": 42,
  "fields": {
    "profile": 9,
    "name": "Dawn",
    "relationship": "sister"
  }
},
{
  "model": "myprofile.familymember",
  "pk": 43,
  "fields": {
    "profile": 9,
    "name": "Brenda",
    "relationship": "cousin"
  }
},
{
  "model": "myprofile.familymember",
  "pk": 44,
  "fields": {
    "profile": 9,
    "name": "Brian",
    "relationship": "uncle"
  }
},
{
  "model": "myprofile.familymember",
  "pk": 45,
  "fields": {
    "profile": 9,
    "name": "Jason",
    "relationship": "nephew"
  }
},
{
  "model": "myprofile.familymember",
  "pk": 46,
  "fields": {
    "profile": 9,
    "name": "Michelle",
    "relationship": "niece"
  }
},
{
  "model": "myprofile.familymember",
  "pk": 47,
  "fields": {
    "profile": 9,
    "name": "Alicia",
    "relationship": "wife"
  }
},
{
  "model": "myprofile.familymember",
  "pk": 48,
  "fields": {
    "profile": 9,
    "name": "David",
    "relationship": "nephew"
  }
},
{
  "model": "myprofile.familymember",
  "pk": 49,
  "fields": {
    "profile": 10,
    "name": "Victoria",
    "relationship": "cousin"
  }
},
{
  "model": "myprofile.familymember",
  "pk": 50,
  "fields": {
    "profile": 10,
    "name": "David",
    "relationship": "brother"
  }
},
{
  "model": "myprofile.familymember",
  "pk": 51,
  "fields": {
    "profile": 10,
    "name": "Mike",
    "relationship": "brother"
  }
},
{
  "model": "myprofile.familymember",
  "pk": 52,
  "fields": {
    "profile": 10,
    "name": "Mark",
    "relationship": "brother"
  }
},
{
  "model": "myprofile.familymember",
  "pk": 53,
  "fields": {
    "profile": 10,
    "name": "Travis",
    "relationship": "uncle"
  }
},
{
  "model": "myprofile.familymember",
  "pk": 54,
  "fields": {
    "profile": 10,
    "name": "Sherri",
    "relationship": "sister"
  }
},
{
  "model": "myprofile.familymember",
  "pk": 55,
  "fields": {
    "profile": 10,
    "name": "John",
    "relationship": "son"
  }
},
{
  "model": "myprofile.familymember",
  "pk": 56,
  "fields": {
    "profile": 10,
    "name": "Kimberly",
    "relationship": "mother"
  }
},
{
  "model": "myprofile.familymember",
  "pk": 57,
  "fields": {
    "profile": 11,
    "name": "Omar",
    "relationship": "son"
  }
},
{
  "model": "myprofile.familymember",
  "pk": 58,
  "fields": {
    "profile": 11,
    "name": "David",
    "relationship": "nephew"
  }
},
{
  "model": "myprofile.familymember",
  "pk": 59,
  "fields": {
    "profile": 11,
    "name": "Rachel",
    "relationship": "mother"
  }
},
{
  "model": "myprofile.familymember",
  "pk": 60,
  "fields": {
    "profile": 11,
    "name": "Charlotte",
    "relationship": "sister"
  }
},
{
  "model": "myprofile.familymember",
  "pk": 61,
  "fields": {
    "profile": 11,
    "name": "Sarah",
    "relationship": "aunt"
  }
},
{
  "model": "myprofile.familymember",
  "pk": 62,
  "fields": {
    "profile": 11,
    "name": "Julie",
    "relationship": "daughter"
  }
},
{
  "model": "myprofile.familymember",
  "pk": 63,
  "fields": {
    "profile": 11,
    "name": "Michael",
    "relationship": "father"
  }
},
{
  "model": "myprofile.familymember",
  "pk": 64,
  "fields": {
    "profile": 11,
    "name": "Patricia",
    "relationship": "sister"
  }
},
{
  "model": "myprofile.familymember",
  "pk": 65,
  "fields": {
    "profile": 11,
    "name": "Carlos",
    "relationship": "husband"
  }
},
{
  "model": "myprofile.familymember",
  "pk": 66,
  "fields": {
    "profile": 12,
    "name": "Chelsea",
    "relationship": "daughter"
  }
},
{
  "model": "myprofile.familymember",
  "pk": 67,
  "fields": {
    "profile": 12,
    "name": "Brittany",
    "relationship": "sister"
  }
},
{
  "model": "myprofile.familymember",
  "pk": 68,
  "fields": {
    "profile": 13,
    "name": "Kevin",
    "relationship": "father"
  }
},
{
  "model": "myprofile.familymember",
  "pk": 69,
  "fields": {
    "profile": 13,
    "name": "Vincent",
    "relationship": "cousin"
  }
},
{
  "model": "myprofile.familymember",
  "pk": 70,
  "fields": {
    "profile": 13,
    "name": "Jason",
    "relationship": "nephew"
  }
},
{
  "model": "myprofile.familymember",
  "pk": 71,
  "fields": {
    "profile": 13,
    "name": "Arthur",
    "relationship": "brother"
  }
},
{
  "model": "myprofile.familymember",
  "pk": 72,
  "fields": {
    "profile": 13,
    "name": "Kyle",
    "relationship": "uncle"
  }
},
{
  "model": "myprofile.familymember",
  "pk": 73,
  "fields": {
    "profile": 13,
    "name": "Frank",
    "relationship": "husband"
  }
},
{
  "model": "myprofile.familymember",
  "pk": 74,
  "fields": {
    "profile": 13,
    "name": "Nicholas",
    "relationship": "son"
  }
},
{
  "model": "myprofile.familymember",
  "pk": 75,
  "fields": {
    "profile": 14,
    "name": "Crystal",
    "relationship": "wife"
  }
},
{
  "model": "myprofile.familymember",
  "pk": 76,
  "fields": {
    "profile": 14,
    "name": "Aaron",
    "relationship": "husband"
  }
},
{
  "model": "myprofile.familymember",
  "pk": 77,
  "fields": {
    "profile": 14,
    "name": "Heather",
    "relationship": "mother"
  }
},
{
  "model": "myprofile.familymember",
  "pk": 78,
  "fields": {
    "profile": 14,
    "name": "Christopher",
    "relationship": "brother"
  }
},
{
  "model": "myprofile.familymember",
  "pk": 79,
  "fields": {
    "profile": 14,
    "name": "Brandon",
    "relationship": "husband"
  }
},
{
  "model": "myprofile.familymember",
  "pk": 80,
  "fields": {
    "profile": 14,
    "name": "Samuel",
    "relationship": "father"
  }
},
{
  "model": "myprofile.familymember",
  "pk": 81,
  "fields": {
    "profile": 14,
    "name": "Mason",
    "relationship": "husband"
  }
},
{
  "model": "myprofile.familymember",
  "pk": 82,
  "fields": {
    "profile": 14,
    "name": "Gregory",
    "relationship": "nephew"
  }
},
{
  "model": "myprofile.familymember",
  "pk": 83,
  "fields": {
    "profile": 14,
    "name": "Steve",
    "relationship": "brother"
  }
},
{
  "model": "myprofile.familymember",
  "pk": 84,
  "fields": {
    "profile": 15,
    "name": "Tina",
    "relationship": "cousin"
  }
},
{
  "model": "myprofile.familymember",
  "pk": 85,
  "fields": {
    "profile": 15,
    "name": "Austin",
    "relationship": "cousin"
  }
},
{
  "model": "myprofile.familymember",
  "pk": 86,
  "fields": {
    "profile": 15,
    "name": "Jordan",
    "relationship": "son"
  }
},
{
  "model": "myprofile.familymember",
  "pk": 87,
  "fields": {
    "profile": 15,
    "name": "Kimberly",
    "relationship": "niece"
  }
},
{
  "model": "myprofile.familymember",
  "pk": 88,
  "fields": {
    "profile": 15,
    "name": "Joshua",
    "relationship": "brother"
  }
},
{
  "model": "myprofile.familymember",
  "pk": 89,
  "fields": {
    "profile": 15,
    "name": "Mandy",
    "relationship": "daughter"
  }
},
{
  "model": "myprofile.familymember",
  "pk": 90,
  "fields": {
    "profile": 15,
    "name": "Paul",
    "relationship": "nephew"
  }
},
{
  "model": "myprofile.familymember",
  "pk": 91,
  "fields": {
    "profile": 16,
    "name": "Shawn",
    "relationship": "cousin"
  }
},
{
  "model": "myprofile.familymember",
  "pk": 92,
  "fields": {
    "profile": 16,
    "name": "Erin",
    "relationship": "sister"
  }
},
{
  "model": "myprofile.familymember",
  "pk": 93,
  "fields": {
    "profile": 16,
    "name": "Cynthia",
    "relationship": "sister"
  }
},
{
  "model": "myprofile.familymember",
  "pk": 94,
  "fields": {
    "profile": 16,
    "name": "Kenneth",
    "relationship": "uncle"
  }
},
{
  "model": "myprofile.familymember",
  "pk": 95,
  "fields": {
    "profile": 16,
    "name": "Kenneth",
    "relationship": "uncle"
  }
},
{
  "model": "myprofile.familymember",
  "pk": 96,
  "fields": {
    "profile": 16,
    "name": "Lindsay",
    "relationship": "aunt"
  }
},
{
  "model": "myprofile.familymember",
  "pk": 97,
  "fields": {
    "profile": 16,
    "name": "Paul",
    "relationship": "uncle"
  }
},
{
  "model": "myprofile.familymember",
  "pk": 98,
  "fields": {
    "profile": 16,
    "name": "Nicholas",
    "relationship": "uncle"
  }
},
{
  "model": "myprofile.familymember",
  "pk": 99,
  "fields": {
    "profile": 17,
    "name": "Alexander",
    "relationship": "husband"
  }
},
{
  "model": "myprofile.familymember",
  "pk": 100,
  "fields": {
    "profile": 17,
    "name": "Stephanie",
    "relationship": "cousin"
  }
},
{
  "model": "myprofile.familymember",
  "pk": 101,
  "fields": {
    "profile": 17,
    "name": "Lindsey",
    "relationship": "wife"
  }
},
{
  "model": "myprofile.familymember",
  "pk": 102,
  "fields": {
    "profile": 17,
    "name": "Lee",
    "relationship": "son"
  }
},
{
  "model": "myprofile.familymember",
  "pk": 103,
  "fields": {
    "profile": 17,
    "name": "Jennifer",
    "relationship": "mother"
  }
},
{
  "model": "myprofile.familymember",
  "pk": 104,
  "fields": {
    "profile": 17,
    "name": "Mark",
    "relationship": "brother"
  }
},
{
  "model": "myprofile.familymember",
  "pk": 105,
  "fields": {
    "profile": 17,
    "name": "Lauren",
    "relationship": "daughter"
  }
},
{
  "model": "myprofile.familymember",
  "pk": 106,
  "fields": {
    "profile": 17,
    "name": "Matthew",
    "relationship": "husband"
  }
},
{
  "model": "myprofile.familymember",
  "pk": 107,
  "fields": {
    "profile": 17,
    "name": "Nicholas",
    "relationship": "cousin"
  }
},
{
  "model": "myprofile.familymember",
  "pk": 108,
  "fields": {
    "profile": 18,
    "name": "Amber",
    "relationship": "wife"
  }
},
{
  "model": "myprofile.familymember",
  "pk": 109,
  "fields": {
    "profile": 18,
    "name": "Cynthia",
    "relationship": "mother"
  }
},
{
  "model": "myprofile.familymember",
  "pk": 110,
  "fields": {
    "profile": 18,
    "name": "Michelle",
    "relationship": "aunt"
  }
},
{
  "model": "myprofile.familymember",
  "pk": 111,
  "fields": {
    "profile": 18,
    "name": "Anthony",
    "relationship": "son"
  }
},
{
  "model": "myprofile.familymember",
  "pk": 112,
  "fields": {
    "profile": 18,
    "name": "Jennifer",
    "relationship": "aunt"
  }
},
{
  "model": "myprofile.familymember",
  "pk": 113,
  "fields": {
    "profile": 18,
    "name": "Kelly",
    "relationship": "mother"
  }
},
{
  "model": "myprofile.familymember",
  "pk": 114,
  "fields": {
    "profile": 18,
    "name": "Benjamin",
    "relationship": "father"
  }
},
{
  "model": "myprofile.familymember",
  "pk": 115,
  "fields": {
    "profile": 19,
    "name": "Norma",
    "relationship": "mother"
  }
},
{
  "model": "myprofile.familymember",
  "pk": 116,
  "fields": {
    "profile": 19,
    "name": "Jason",
    "relationship": "father"
  }
},
{
  "model": "myprofile.familymember",
  "pk": 117,
  "fields": {
    "profile": 19,
    "name": "Thomas",
    "relationship": "uncle"
  }
},
{
  "model": "myprofile.familymember",
  "pk": 118,
  "fields": {
    "profile": 19,
    "name": "Kristen",
    "relationship": "wife"
  }
},
{
  "model": "myprofile.familymember",
  "pk": 119,
  "fields": {
    "profile": 19,
    "name": "Ray",
    "relationship": "father"
  }
},
{
  "model": "myprofile.familymember",
  "pk": 120,
  "fields": {
    "profile": 19,
    "name": "Derrick",
    "relationship": "husband"
  }
},
{
  "model": "myprofile.familymember",
  "pk": 121,
  "fields": {
    "profile": 20,
    "name": "Lauren",
    "relationship": "mother"
  }
},
{
  "model": "myprofile.familymember",
  "pk": 122,
  "fields": {
    "profile": 20,
    "name": "Melanie",
    "relationship": "wife"
  }
},
{
  "model": "myprofile.familymember",
  "pk": 123,
  "fields": {
    "profile": 20,
    "name": "Aaron",
    "relationship": "nephew"
  }
},
{
  "model": "myprofile.familymember",
  "pk": 124,
  "fields": {
    "profile": 20,
    "name": "Angela",
    "relationship": "niece"
  }
},
{
  "model": "myprofile.familymember",
  "pk": 125,
  "fields": {
    "profile": 20,
    "name": "Sydney",
    "relationship": "cousin"
  }
},
{
  "model": "myprofile.familymember",
  "pk": 126,
  "fields": {
    "profile": 21,
    "name": "James",
    "relationship": "brother"
  }
},
{
  "model": "myprofile.familymember",
  "pk": 127,
  "fields": {
    "profile": 21,
    "name": "Aaron",
    "relationship": "uncle"
  }
},
{
  "model": "myprofile.familymember",
  "pk": 128,
  "fields": {
    "profile": 22,
    "name": "Amber",
    "relationship": "daughter"
  }
},
{
  "model": "myprofile.familymember",
  "pk": 129,
  "fields": {
    "profile": 22,
    "name": "Cassandra",
    "relationship": "sister"
  }
},
{
  "model": "myprofile.familymember",
  "pk": 130,
  "fields": {
    "profile": 23,
    "name": "Laurie",
    "relationship": "niece"
  }
},
{
  "model": "myprofile.familymember",
  "pk": 131,
  "fields": {
    "profile": 23,
    "name": "Keith",
    "relationship": "brother"
  }
},
{
  "model": "myprofile.familymember",
  "pk": 132,
  "fields": {
    "profile": 23,
    "name": "Kimberly",
    "relationship": "wife"
  }
},
{
  "model": "myprofile.familymember",
  "pk": 133,
  "fields": {
    "profile": 23,
    "name": "Roger",
    "relationship": "father"
  }
},
{
  "model": "myprofile.familymember",
  "pk": 134,
  "fields": {
    "profile": 24,
    "name": "Shannon",
    "relationship": "sister"
  }
},
{
  "model": "myprofile.familymember",
  "pk": 135,
  "fields": {
    "profile": 24,
    "name": "Peter",
    "relationship": "son"
  }
},
{
  "model": "myprofile.familymember",
  "pk": 136,
  "fields": {
    "profile": 24,
    "name": "Anthony",
    "relationship": "nephew"
  }
},
{
  "model": "myprofile.familymember",
  "pk": 137,
  "fields": {
    "profile": 24,
    "name": "Jose",
    "relationship": "brother"
  }
},
{
  "model": "myprofile.familymember",
  "pk": 138,
  "fields": {
    "profile": 24,
    "name": "Nancy",
    "relationship": "wife"
  }
},
{
  "model": "myprofile.familymember",
  "pk": 139,
  "fields": {
    "profile": 24,
    "name": "Jennifer",
    "relationship": "cousin"
  }
},
{
  "model": "myprofile.familymember",
  "pk": 140,
  "fields": {
    "profile": 25,
    "name": "Sydney",
    "relationship": "wife"
  }
},
{
  "model": "myprofile.familymember",
  "pk": 141,
  "fields": {
    "profile": 26,
    "name": "Katie",
    "relationship": "niece"
  }
},
{
  "model": "myprofile.familymember",
  "pk": 142,
  "fields": {
    "profile": 26,
    "name": "Shawn",
    "relationship": "cousin"
  }
},
{
  "model": "myprofile.familymember",
  "pk": 143,
  "fields": {
    "profile": 26,
    "name": "Jackson",
    "relationship": "uncle"
  }
},
{
  "model": "myprofile.familymember",
  "pk": 144,
  "fields": {
    "profile": 27,
    "name": "Adam",
    "relationship": "nephew"
  }
},
{
  "model": "myprofile.familymember",
  "pk": 145,
  "fields": {
    "profile": 27,
    "name": "Mathew",
    "relationship": "son"
  }
},
{
  "model": "myprofile.familymember",
  "pk": 146,
  "fields": {
    "profile": 27,
    "name": "Joe",
    "relationship": "son"
  }
},
{
  "model": "myprofile.familymember",
  "pk": 147,
  "fields": {
    "profile": 27,
    "name": "Douglas",
    "relationship": "husband"
  }
},
{
  "model": "myprofile.familymember",
  "pk": 148,
  "fields": {
    "profile": 28,
    "name": "Mark",
    "relationship": "uncle"
  }
},
{
  "model": "myprofile.familymember",
  "pk": 149,
  "fields": {
    "profile": 28,
    "name": "Elizabeth",
    "relationship": "wife"
  }
},
{
  "model": "myprofile.familymember",
  "pk": 150,
  "fields": {
    "profile": 28,
    "name": "Kayla",
    "relationship": "cousin"
  }
},
{
  "model": "myprofile.familymember",
  "pk": 151,
  "fields": {
    "profile": 28,
    "name": "Debra",
    "relationship": "daughter"
  }
},
{
  "model": "myprofile.familymember",
  "pk": 152,
  "fields": {
    "profile": 28,
    "name": "Christine",
    "relationship": "aunt"
  }
},
{
  "model": "myprofile.familymember",
  "pk": 153,
  "fields": {
    "profile": 28,
    "name": "Stanley",
    "relationship": "nephew"
  }
},
{
  "model": "myprofile.familymember",
  "pk": 154,
  "fields": {
    "profile": 28,
    "name": "Carlos",
    "relationship": "son"
  }
},
{
  "model": "myprofile.familymember",
  "pk": 155,
  "fields": {
    "profile": 28,
    "name": "Jeanne",
    "relationship": "mother"
  }
},
{
  "model": "myprofile.familymember",
  "pk": 156,
  "fields": {
    "profile": 28,
    "name": "Jessica",
    "relationship": "daughter"
  }
},
{
  "model": "myprofile.familymember",
  "pk": 157,
  "fields": {
    "profile": 29,
    "name": "Derek",
    "relationship": "father"
  }
},
{
  "model": "myprofile.familymember",
  "pk": 158,
  "fields": {
    "profile": 29,
    "name": "Catherine",
    "relationship": "sister"
  }
},
{
  "model": "myprofile.familymember",
  "pk": 159,
  "fields": {
    "profile": 29,
    "name": "Danielle",
    "relationship": "niece"
  }
},
{
  "model": "myprofile.familymember",
  "pk": 160,
  "fields": {
    "profile": 29,
    "name": "Laurie",
    "relationship": "aunt"
  }
},
{
  "model": "myprofile.familymember",
  "pk": 161,
  "fields": {
    "profile": 29,
    "name": "Marie",
    "relationship": "mother"
  }
},
{
  "model": "myprofile.familymember",
  "pk": 162,
  "fields": {
    "profile": 29,
    "name": "Michael",
    "relationship": "cousin"
  }
},
{
  "model": "myprofile.familymember",
  "pk": 163,
  "fields": {
    "profile": 30,
    "name": "John",
    "relationship": "son"
  }
},
{
  "model": "myprofile.familymember",
  "pk": 164,
  "fields": {
    "profile": 30,
    "name": "Danielle",
    "relationship": "cousin"
  }
},
{
  "model": "myprofile.familymember",
  "pk": 165,
  "fields": {
    "profile": 30,
    "name": "Gwendolyn",
    "relationship": "daughter"
  }
},
{
  "model": "myprofile.familymember",
  "pk": 166,
  "fields": {
    "profile": 30,
    "name": "Joseph",
    "relationship": "brother"
  }
},
{
  "model": "myprofile.familymember",
  "pk": 167,
  "fields": {
    "profile": 30,
    "name": "Jennifer",
    "relationship": "sister"
  }
}
]
