[
{
  "model": "myprofile.profile",
  "pk": 1,
  "fields": {
    "first_name": "Calvin",
    "last_name": "Johnson",
    "created_date": "2019-11-05T00:38:44.733Z"
  }
},
{
  "model": "myprofile.profile",
  "pk": 2,
  "fields": {
    "first_name": "Veronica",
    "last_name": "Campbell",
    "created_date": "2019-11-07T00:38:44.733Z"
  }
},
{
  "model": "myprofile.profile",
  "pk": 3,
  "fields": {
    "first_name": "Juan",
    "last_name": "Christensen",
    "created_date": "2019-11-10T00:38:44.733Z"
  }
},
{
  "model": "myprofile.profile",
  "pk": 4,
  "fields": {
    "first_name": "Alex",
    "last_name": "Mcclure",
    "created_date": "2019-11-12T00:38:44.733Z"
  }
},
{
  "model": "myprofile.profile",
  "pk": 5,
  "fields": {
    "first_name": "Tony",
    "last_name": "Berg",
    "created_date": "2019-11-13T00:38:44.733Z"
  }
},
{
  "model": "myprofile.profile",
  "pk": 6,
  "fields": {
    "first_name": "Jack",
    "last_name": "Lester",
    "created_date": "2019-11-15T00:38:44.733Z"
  }
},
{
  "model": "myprofile.profile",
  "pk": 7,
  "fields": {
    "first_name": "John",
    "last_name": "Rodriguez",
    "created_date": "2019-11-18T00:38:44.733Z"
  }
},
{
  "model": "myprofile.profile",
  "pk": 8,
  "fields": {
    "first_name": "Shannon",
    "last_name": "Everett",
    "created_date": "2019-11-18T00:38:44.733Z"
  }
},
{
  "model": "myprofile.profile",
  "pk": 9,
  "fields": {
    "first_name": "Michael",
    "last_name": "Miller",
    "created_date": "2019-11-20T00:38:44.734Z"
  }
},
{
  "model": "myprofile.profile",
  "pk": 10,
  "fields": {
    "first_name": "Annette",
    "last_name": "Herrera",
    "created_date": "2019-11-24T00:38:44.734Z"
  }
},
{
  "model": "myprofile.profile",
  "pk": 11,
  "fields": {
    "first_name": "Sarah",
    "last_name": "Jordan",
    "created_date": "2019-11-28T00:38:44.734Z"
  }
},
{
  "model": "myprofile.profile",
  "pk": 12,
  "fields": {
    "first_name": "Joshua",
    "last_name": "Martinez",
    "created_date": "2019-11-30T00:38:44.734Z"
  }
},
{
  "model": "myprofile.profile",
  "pk": 13,
  "fields": {
    "first_name": "Laura",
    "last_name": "Fernandez",
    "created_date": "2019-12-01T00:38:44.734Z"
  }
},
{
  "model": "myprofile.profile",
  "pk": 14,
  "fields": {
    "first_name": "Patrick",
    "last_name": "Gordon",
    "created_date": "2019-12-03T00:38:44.734Z"
  }
},
{
  "model": "myprofile.profile",
  "pk": 15,
  "fields": {
    "first_name": "Keith",
    "last_name": "Holt",
    "created_date": "2019-12-05T00:38:44.734Z"
  }
},
{
  "model": "myprofile.profile",
  "pk": 16,
  "fields": {
    "first_name": "Adam",
    "last_name": "Gould",
    "created_date": "2019-12-09T00:38:44.734Z"
  }
},
{
  "model": "myprofile.profile",
  "pk": 17,
  "fields": {
    "first_name": "Jacob",
    "last_name": "Brown",
    "created_date": "2019-12-10T00:38:44.734Z"
  }
},
{
  "model": "myprofile.profile",
  "pk": 18,
  "fields": {
    "first_name": "Aaron",
    "last_name": "Baker",
    "created_date": "2019-12-14T00:38:44.734Z"
  }
},
{
  "model": "myprofile.profile",
  "pk": 19,
  "fields": {
    "first_name": "Antonio",
    "last_name": "Rodriguez",
    "created_date": "2019-12-14T00:38:44.734Z"
  }
},
{
  "model": "myprofile.profile",
  "pk": 20,
  "fields": {
    "first_name": "Megan",
    "last_name": "Duncan",
    "created_date": "2019-12-15T00:38:44.734Z"
  }
},
{
  "model": "myprofile.profile",
  "pk": 21,
  "fields": {
    "first_name": "Jenna",
    "last_name": "Lawson",
    "created_date": "2019-12-16T00:38:44.734Z"
  }
},
{
  "model": "myprofile.profile",
  "pk": 22,
  "fields": {
    "first_name": "James",
    "last_name": "Beltran",
    "created_date": "2019-12-17T00:38:44.734Z"
  }
},
{
  "model": "myprofile.profile",
  "pk": 23,
  "fields": {
    "first_name": "Jerry",
    "last_name": "Nichols",
    "created_date": "2019-12-19T00:38:44.734Z"
  }
},
{
  "model": "myprofile.profile",
  "pk": 24,
  "fields": {
    "first_name": "Christopher",
    "last_name": "Schultz",
    "created_date": "2019-12-23T00:38:44.734Z"
  }
},
{
  "model": "myprofile.profile",
  "pk": 25,
  "fields": {
    "first_name": "Troy",
    "last_name": "Perez",
    "created_date": "2019-12-25T00:38:44.734Z"
  }
},
{
  "model": "myprofile.profile",
  "pk": 26,
  "fields": {
    "first_name": "Stephen",
    "last_name": "Chandler",
    "created_date": "2019-12-26T00:38:44.734Z"
  }
},
{
  "model": "myprofile.profile",
  "pk": 27,
  "fields": {
    "first_name": "Ronald",
    "last_name": "Alvarez",
    "created_date": "2019-12-26T00:38:44.734Z"
  }
},
{
  "model": "myprofile.profile",
  "pk": 28,
  "fields": {
    "first_name": "Laura",
    "last_name": "Green",
    "created_date": "2019-12-29T00:38:44.734Z"
  }
},
{
  "model": "myprofile.profile",
  "pk": 29,
  "fields": {
    "first_name": "Eric",
    "last_name": "Clements",
    "created_date": "2020-01-02T00:38:44.734Z"
  }
},
{
  "model": "myprofile.profile",
  "pk": 30,
  "fields": {
    "first_name": "Kimberly",
    "last_name": "Mcintosh",
    "created_date": "2020-01-03T00:38:44.734Z"
  }
}
]
